Month,City,SalesTarget,ProfitTarget,SpendBudget
Jan-2024,Bandung,77107228,19235440,3743646
Jan-2024,Bandung Barat,60475313,11438622,3177823
Jan-2024,Bogor,84032361,16154062,4053196
Jan-2024,Bogor Kab.,46679998,8209838,2312802
Jan-2024,Bekasi,75493165,13343236,3698983
Jan-2024,Bekasi Kab.,48018794,8149022,2046741
Jan-2024,Depok,85405280,21862651,5023846
Jan-2024,Cimahi,40066361,6718296,1644177
Jan-2024,Sukabumi,50640425,12326486,2434308
Jan-2024,Sukabumi Kab.,56950177,14408674,3400882
Jan-2024,Cirebon,66040009,10483676,3004561
Jan-2024,Cirebon Kab.,38452442,11147044,1771851
Jan-2024,Karawang,81792346,16171201,3673799
Jan-2024,Subang,41618662,8242779,2177004
Jan-2024,Purwakarta,61076003,14274305,3093754
Jan-2024,Indramayu,38837496,10719725,1588330
Jan-2024,Majalengka,41666111,9616570,1807031
Jan-2024,Sumedang,48728050,14581755,2246443
Jan-2024,Garut,44399669,7445863,2306245
Jan-2024,Ciamis,28083398,7439326,1639634
Jan-2024,Pangandaran,42092357,6995220,2153666
Jan-2024,Banjar,40306359,9504337,2269232
Jan-2024,Kuningan,35540761,9980132,1991472
Jan-2024,Cianjur,44568023,10897565,1789327
Jan-2024,Tasikmalaya,75849592,14084816,4455581
Jan-2024,Tasikmalaya Kab.,47627989,11816964,2602375
Jan-2024,Garut Kab.,56363797,14675232,2580520
Feb-2024,Bandung,91442707,21246843,4750215
Feb-2024,Bandung Barat,40020365,7553389,2345740
Feb-2024,Bogor,75603043,16307752,3306384
Feb-2024,Bogor Kab.,43465063,7880230,2219888
Feb-2024,Bekasi,100761146,20044402,4682184
Feb-2024,Bekasi Kab.,54103514,11010682,3149274
Feb-2024,Depok,79113921,17687209,4008527
Feb-2024,Cimahi,59551694,13969987,2666909
Feb-2024,Sukabumi,43099680,12527619,2414929
Feb-2024,Sukabumi Kab.,40574130,11086043,2102225
Feb-2024,Cirebon,84755769,12868839,4713885
Feb-2024,Cirebon Kab.,44951625,11651334,1812331
Feb-2024,Karawang,95854145,14709386,4286392
Feb-2024,Subang,46706955,8109555,2317653
Feb-2024,Purwakarta,47092198,14080246,2429928
Feb-2024,Indramayu,54161945,9918701,2609186
Feb-2024,Majalengka,30169614,7976224,1406603
Feb-2024,Sumedang,58799145,12098182,3514727
Feb-2024,Garut,44278040,6651827,2297875
Feb-2024,Ciamis,44676681,11037736,1863664
Feb-2024,Pangandaran,37458406,10728950,1503210
Feb-2024,Banjar,44172805,12023141,2556639
Feb-2024,Kuningan,40375310,12061478,1687862
Feb-2024,Cianjur,53641912,13557950,2899500
Feb-2024,Tasikmalaya,95739384,27538850,4522041
Feb-2024,Tasikmalaya Kab.,41074084,8394158,2194682
Feb-2024,Garut Kab.,45336402,12308649,2012722
Mar-2024,Bandung,90163550,20396087,4916549
Mar-2024,Bandung Barat,68237936,17901155,3327833
Mar-2024,Bogor,99216018,16230129,5378673
Mar-2024,Bogor Kab.,69500017,19940671,3530955
Mar-2024,Bekasi,109112215,22078708,4651318
Mar-2024,Bekasi Kab.,76782620,18222440,4299817
Mar-2024,Depok,100867029,19529717,4230843
Mar-2024,Cimahi,66336977,14210396,3932493
Mar-2024,Sukabumi,78857310,21088896,3667669
Mar-2024,Sukabumi Kab.,61057948,11509911,2755505
Mar-2024,Cirebon,122254458,24600123,6986594
Mar-2024,Cirebon Kab.,90599058,18255235,4901518
Mar-2024,Karawang,126419248,22650457,7377849
Mar-2024,Subang,62980490,16409161,2957072
Mar-2024,Purwakarta,68847854,15030681,3944304
Mar-2024,Indramayu,60908817,9634887,2926109
Mar-2024,Majalengka,40561834,10267828,2239276
Mar-2024,Sumedang,85914933,22473313,5011162
Mar-2024,Garut,82190539,23869065,3605059
Mar-2024,Ciamis,51446646,15387156,2759164
Mar-2024,Pangandaran,60726707,9385863,3487848
Mar-2024,Banjar,80419963,14122816,3258103
Mar-2024,Kuningan,45568201,13094751,2431640
Mar-2024,Cianjur,88181418,19128543,5179118
Mar-2024,Tasikmalaya,115525749,20868364,4970826
Mar-2024,Tasikmalaya Kab.,90783413,18163890,3921939
Mar-2024,Garut Kab.,56294295,10855534,3252815
Apr-2024,Bandung,119504521,29262505,6984778
Apr-2024,Bandung Barat,73949397,20390952,3436921
Apr-2024,Bogor,144317704,23353791,7864822
Apr-2024,Bogor Kab.,79119820,14142725,3780098
Apr-2024,Bekasi,107118430,17586053,5537568
Apr-2024,Bekasi Kab.,90778444,21236547,4621094
Apr-2024,Depok,91857567,15696899,4617163
Apr-2024,Cimahi,90481249,25469671,4234900
Apr-2024,Sukabumi,75005148,17469098,4028317
Apr-2024,Sukabumi Kab.,80072371,21496939,3242884
Apr-2024,Cirebon,142446090,22863923,7054386
Apr-2024,Cirebon Kab.,88185274,19678572,3639647
Apr-2024,Karawang,102437441,24257187,4277504
Apr-2024,Subang,70828727,14120697,3987951
Apr-2024,Purwakarta,59854617,15108488,2880909
Apr-2024,Indramayu,76571273,13846365,3996566
Apr-2024,Majalengka,55712454,8943784,3147023
Apr-2024,Sumedang,86143893,13742803,4484974
Apr-2024,Garut,76790402,11662063,3597394
Apr-2024,Ciamis,62938681,14684702,3692249
Apr-2024,Pangandaran,55753293,8600423,2316787
Apr-2024,Banjar,81276263,18952419,3457738
Apr-2024,Kuningan,54244535,14729729,2986685
Apr-2024,Cianjur,64615686,12194869,3835377
Apr-2024,Tasikmalaya,139294668,27545603,7867514
Apr-2024,Tasikmalaya Kab.,61660848,11069735,2689887
Apr-2024,Garut Kab.,59070227,16433438,3046614
May-2024,Bandung,44614946,12371646,2500798
May-2024,Bandung Barat,25514272,6292352,1388912
May-2024,Bogor,55579856,14365803,2411563
May-2024,Bogor Kab.,28726296,7946462,1665201
May-2024,Bekasi,45100533,6920808,2579540
May-2024,Bekasi Kab.,29656377,5914060,1392070
May-2024,Depok,48376714,10001401,2483109
May-2024,Cimahi,25184104,7447720,1479037
May-2024,Sukabumi,38016099,10716420,2022704
May-2024,Sukabumi Kab.,27316628,4300252,1146927
May-2024,Cirebon,46175820,10416454,2764318
May-2024,Cirebon Kab.,30531652,6982494,1645752
May-2024,Karawang,42737615,12390662,2161698
May-2024,Subang,28143845,8169211,1477805
May-2024,Purwakarta,31255345,7408247,1717982
May-2024,Indramayu,26318070,7361810,1557770
May-2024,Majalengka,22753496,5741631,1301424
May-2024,Sumedang,29622159,8854797,1588044
May-2024,Garut,30359980,7638592,1531163
May-2024,Ciamis,17972236,4841357,921751
May-2024,Pangandaran,25156378,4358010,1277117
May-2024,Banjar,35499364,10587532,2047885
May-2024,Kuningan,25875671,4841830,1468695
May-2024,Cianjur,26539219,4769526,1120017
May-2024,Tasikmalaya,58982316,9805112,2522215
May-2024,Tasikmalaya Kab.,27688307,6531653,1594946
May-2024,Garut Kab.,30273422,7021705,1311740
Jun-2024,Bandung,67174050,11425557,3237680
Jun-2024,Bandung Barat,49282552,9491963,2805158
Jun-2024,Bogor,92924580,15613487,3750175
Jun-2024,Bogor Kab.,53769980,9603124,2530572
Jun-2024,Bekasi,71792323,20639568,3817683
Jun-2024,Bekasi Kab.,36913713,5619062,1623884
Jun-2024,Depok,69054189,15376888,3919293
Jun-2024,Cimahi,43083399,8895885,2007115
Jun-2024,Sukabumi,36201720,10617248,1548706
Jun-2024,Sukabumi Kab.,42472518,7194653,2115592
Jun-2024,Cirebon,91157980,15050648,4450144
Jun-2024,Cirebon Kab.,36503434,9696579,1928276
Jun-2024,Karawang,82789151,18284021,4814409
Jun-2024,Subang,45215042,10268913,2437352
Jun-2024,Purwakarta,47712614,8511946,2211069
Jun-2024,Indramayu,38076625,8182363,1987136
Jun-2024,Majalengka,27066846,6620227,1566018
Jun-2024,Sumedang,43598783,7991873,2522630
Jun-2024,Garut,51568767,8550577,2483667
Jun-2024,Ciamis,35816911,8458435,1875765
Jun-2024,Pangandaran,34132378,9205816,1584033
Jun-2024,Banjar,51940402,15512619,2482708
Jun-2024,Kuningan,37659010,7039086,1718679
Jun-2024,Cianjur,57034437,8777072,2529394
Jun-2024,Tasikmalaya,74985145,15767662,3942973
Jun-2024,Tasikmalaya Kab.,40336246,6477277,1911400
Jun-2024,Garut Kab.,47797992,11199082,2486923
Jul-2024,Bandung,77351831,14454179,4276859
Jul-2024,Bandung Barat,37975055,6826133,2080560
Jul-2024,Bogor,67670140,15159533,3149635
Jul-2024,Bogor Kab.,47407077,9576152,2838932
Jul-2024,Bekasi,70469193,17198528,4070784
Jul-2024,Bekasi Kab.,50353537,11826967,2587395
Jul-2024,Depok,75472585,20463414,3095016
Jul-2024,Cimahi,55915422,13304729,3185918
Jul-2024,Sukabumi,36233835,10159657,1536414
Jul-2024,Sukabumi Kab.,52227405,11097185,2800509
Jul-2024,Cirebon,80214830,13998248,4034186
Jul-2024,Cirebon Kab.,42237685,9886385,2312938
Jul-2024,Karawang,60525302,13761296,3168656
Jul-2024,Subang,42645767,12493099,2149604
Jul-2024,Purwakarta,40106634,6664448,2038748
Jul-2024,Indramayu,44442863,7950031,1805001
Jul-2024,Majalengka,34123951,8182583,1461735
Jul-2024,Sumedang,49539106,14504847,2950842
Jul-2024,Garut,55991091,15177045,2474098
Jul-2024,Ciamis,27663854,5995922,1449382
Jul-2024,Pangandaran,38598189,7132731,1914198
Jul-2024,Banjar,50567405,10964989,2482044
Jul-2024,Kuningan,28745595,8566162,1423018
Jul-2024,Cianjur,47986693,8771194,2412902
Jul-2024,Tasikmalaya,66792584,12046071,3040027
Jul-2024,Tasikmalaya Kab.,36062092,8493440,1721950
Jul-2024,Garut Kab.,56220502,8776361,2297394
Aug-2024,Bandung,99434940,16804176,3981693
Aug-2024,Bandung Barat,44472846,12166944,2492893
Aug-2024,Bogor,77605288,19417202,3891516
Aug-2024,Bogor Kab.,62618374,9922728,3523134
Aug-2024,Bekasi,70823946,14784012,3104861
Aug-2024,Bekasi Kab.,57565360,14492017,2933412
Aug-2024,Depok,91926521,22607922,5104573
Aug-2024,Cimahi,45985166,9856317,1978858
Aug-2024,Sukabumi,50739839,12951534,2731215
Aug-2024,Sukabumi Kab.,57735672,11334385,3074094
Aug-2024,Cirebon,78698652,22954335,3688395
Aug-2024,Cirebon Kab.,55075455,14458510,3201434
Aug-2024,Karawang,81517144,16635429,3961779
Aug-2024,Subang,48092408,11931181,2820828
Aug-2024,Purwakarta,43151775,10103483,2500773
Aug-2024,Indramayu,42502863,9524033,2435609
Aug-2024,Majalengka,43757913,9939733,1772153
Aug-2024,Sumedang,42640979,10148873,1811268
Aug-2024,Garut,43735444,11625649,2406054
Aug-2024,Ciamis,42748523,7090281,1879348
Aug-2024,Pangandaran,42576825,10991766,2389374
Aug-2024,Banjar,64743641,18106513,3263679
Aug-2024,Kuningan,33438443,7873131,1764604
Aug-2024,Cianjur,48382803,12852434,2025065
Aug-2024,Tasikmalaya,95175714,14733179,4754914
Aug-2024,Tasikmalaya Kab.,61535911,10028771,3098627
Aug-2024,Garut Kab.,43984785,12501459,2491602
Sep-2024,Bandung,70949682,19954410,3883151
Sep-2024,Bandung Barat,31235560,6102659,1559813
Sep-2024,Bogor,61289109,16384264,2729767
Sep-2024,Bogor Kab.,30244854,6726199,1305271
Sep-2024,Bekasi,64224630,15179146,3520932
Sep-2024,Bekasi Kab.,29110139,8578892,1164408
Sep-2024,Depok,53912387,13582968,2205169
Sep-2024,Cimahi,29458617,4757631,1520954
Sep-2024,Sukabumi,43678693,10190918,2274411
Sep-2024,Sukabumi Kab.,34055028,5203988,1376922
Sep-2024,Cirebon,69672679,11522876,4180067
Sep-2024,Cirebon Kab.,30877395,7756252,1821121
Sep-2024,Karawang,54944099,14294530,2583314
Sep-2024,Subang,33336468,6009585,1880800
Sep-2024,Purwakarta,32504273,6256218,1949586
Sep-2024,Indramayu,33727932,7198086,2016967
Sep-2024,Majalengka,24123929,4943543,1364311
Sep-2024,Sumedang,33458781,6192146,1621553
Sep-2024,Garut,40261214,6300334,1911534
Sep-2024,Ciamis,23841500,4451750,1265643
Sep-2024,Pangandaran,23152378,5579948,1159627
Sep-2024,Banjar,31800822,6041676,1380537
Sep-2024,Kuningan,20293707,4928900,1084815
Sep-2024,Cianjur,30904999,7488555,1843226
Sep-2024,Tasikmalaya,46883258,10481016,2562674
Sep-2024,Tasikmalaya Kab.,28805160,7683517,1716505
Sep-2024,Garut Kab.,29548537,8076634,1405672
Oct-2024,Bandung,48835253,10938070,2023262
Oct-2024,Bandung Barat,37136774,5678343,2026636
Oct-2024,Bogor,58463151,12794131,2567925
Oct-2024,Bogor Kab.,34322105,6084637,1877686
Oct-2024,Bekasi,50372708,12216036,2296600
Oct-2024,Bekasi Kab.,39497188,9126545,1914380
Oct-2024,Depok,63644023,13515337,3591267
Oct-2024,Cimahi,40767973,9421309,2345838
Oct-2024,Sukabumi,42505081,9766643,1758390
Oct-2024,Sukabumi Kab.,37904936,7705639,1925656
Oct-2024,Cirebon,62919652,15523900,3364344
Oct-2024,Cirebon Kab.,39887200,6636919,1748425
Oct-2024,Karawang,62455148,13192142,3451086
Oct-2024,Subang,30185912,5395081,1544591
Oct-2024,Purwakarta,36763090,6983500,1770762
Oct-2024,Indramayu,28612172,4450786,1198808
Oct-2024,Majalengka,26665707,7454597,1205409
Oct-2024,Sumedang,28593947,7328458,1632915
Oct-2024,Garut,30418023,6322755,1313290
Oct-2024,Ciamis,20902878,5167719,1240601
Oct-2024,Pangandaran,27907528,8308690,1358759
Oct-2024,Banjar,43712721,7901626,1851587
Oct-2024,Kuningan,28205870,5802264,1307447
Oct-2024,Cianjur,39747410,7950380,2045050
Oct-2024,Tasikmalaya,53184742,14230303,2459675
Oct-2024,Tasikmalaya Kab.,37362397,5734246,2086115
Oct-2024,Garut Kab.,38855911,6948818,1721607
Nov-2024,Bandung,89399660,21141188,4556372
Nov-2024,Bandung Barat,56215911,14284988,3248201
Nov-2024,Bogor,78888742,16770128,4091990
Nov-2024,Bogor Kab.,65593056,10031165,2899955
Nov-2024,Bekasi,79767874,18772951,4220342
Nov-2024,Bekasi Kab.,52792264,10555901,2459912
Nov-2024,Depok,116150511,20814045,5919759
Nov-2024,Cimahi,71488065,19618950,3812553
Nov-2024,Sukabumi,56985832,15583173,3125292
Nov-2024,Sukabumi Kab.,69134074,11068386,2825184
Nov-2024,Cirebon,110177534,32140904,6112041
Nov-2024,Cirebon Kab.,72944266,16904639,3362126
Nov-2024,Karawang,109331371,28075818,5850011
Nov-2024,Subang,76401271,15668132,3116648
Nov-2024,Purwakarta,75253330,13099713,4059643
Nov-2024,Indramayu,74196133,14581113,4200117
Nov-2024,Majalengka,40573220,10919823,1679593
Nov-2024,Sumedang,67657289,17020592,3371262
Nov-2024,Garut,68612725,19793230,3751544
Nov-2024,Ciamis,53787216,11687523,2719794
Nov-2024,Pangandaran,39138512,11657024,1608699
Nov-2024,Banjar,58758612,11437632,2804562
Nov-2024,Kuningan,52872075,10849650,3084532
Nov-2024,Cianjur,60700165,16887715,3061412
Nov-2024,Tasikmalaya,91744936,19945575,4448493
Nov-2024,Tasikmalaya Kab.,55797421,10793777,2439969
Nov-2024,Garut Kab.,58080016,14151827,2772226
Dec-2024,Bandung,110991514,33080657,5276760
Dec-2024,Bandung Barat,61879176,10805126,2960566
Dec-2024,Bogor,111687957,20395418,4874183
Dec-2024,Bogor Kab.,59291246,16174499,3111198
Dec-2024,Bekasi,122763810,35071296,5281635
Dec-2024,Bekasi Kab.,49276583,10341391,2485589
Dec-2024,Depok,101547389,17274844,4315393
Dec-2024,Cimahi,49405822,13716488,2912714
Dec-2024,Sukabumi,51470550,9366011,2151327
Dec-2024,Sukabumi Kab.,74325065,21837173,3362163
Dec-2024,Cirebon,91372023,18676482,4573103
Dec-2024,Cirebon Kab.,68473829,15451707,4041327
Dec-2024,Karawang,81594886,22013551,3809637
Dec-2024,Subang,59326430,15206812,3475789
Dec-2024,Purwakarta,69486023,18509623,3822814
Dec-2024,Indramayu,57629358,15187615,3209402
Dec-2024,Majalengka,44801406,10327326,2472787
Dec-2024,Sumedang,72510925,14544191,4062877
Dec-2024,Garut,72426270,13407467,3935572
Dec-2024,Ciamis,37517212,6151223,1931793
Dec-2024,Pangandaran,52681696,8182460,2978098
Dec-2024,Banjar,63194136,17639652,3593821
Dec-2024,Kuningan,51981022,13792181,2955632
Dec-2024,Cianjur,53280756,10420542,2389627
Dec-2024,Tasikmalaya,112436558,19456749,4907243
Dec-2024,Tasikmalaya Kab.,74368941,19029697,4276779
Dec-2024,Garut Kab.,52180657,10949957,2382726
